-- phpMyAdmin SQL Dump
-- version 3.5.4
-- http://www.phpmyadmin.net
--
-- ホスト: localhost
-- 生成日時: 2014 年 1 月 17 日 05:37
-- サーバのバージョン: 5.0.90-log
-- PHP のバージョン: 5.2.17

SET SQL_MODE="NO_AUTO_VALUE_ON_ZERO";
SET time_zone = "+00:00";


/*!40101 SET @OLD_CHARACTER_SET_CLIENT=@@CHARACTER_SET_CLIENT */;
/*!40101 SET @OLD_CHARACTER_SET_RESULTS=@@CHARACTER_SET_RESULTS */;
/*!40101 SET @OLD_COLLATION_CONNECTION=@@COLLATION_CONNECTION */;
/*!40101 SET NAMES utf8 */;

--
-- データベース: `erthejhg`
--

-- --------------------------------------------------------

--
-- テーブルの構造 `gamelog`
--

CREATE TABLE IF NOT EXISTS `gamelog` (
  `gamelog_id` int(11) NOT NULL auto_increment,
  `created_on` timestamp NOT NULL default CURRENT_TIMESTAMP,
  `game_end` datetime default '0000-00-00 00:00:00',
  `game_status` tinyint(4) default NULL,
  `win_team` tinyint(4) default NULL,
  `lose_team` tinyint(4) default NULL,
  `team1_rate` smallint(6) NOT NULL,
  `team2_rate` smallint(6) NOT NULL,
  `player1_team` tinyint(4) default NULL,
  `player2_team` tinyint(4) NOT NULL default '2',
  `player3_team` tinyint(4) default NULL,
  `player4_team` tinyint(4) default NULL,
  `player5_team` tinyint(4) default NULL,
  `player6_team` tinyint(4) default NULL,
  `player7_team` tinyint(4) NOT NULL,
  `player8_team` tinyint(4) default NULL,
  `player1_id` int(11) NOT NULL,
  `player2_id` int(11) NOT NULL,
  `player3_id` int(11) default NULL,
  `player4_id` int(11) default NULL,
  `player5_id` int(11) default NULL,
  `player6_id` int(11) default NULL,
  `player7_id` int(11) default NULL,
  `player8_id` int(11) default NULL,
  `player1_name` varchar(45) NOT NULL,
  `player2_name` varchar(45) default NULL,
  `player3_name` varchar(45) default NULL,
  `player4_name` varchar(45) default NULL,
  `player5_name` varchar(45) default NULL,
  `player6_name` varchar(45) default NULL,
  `player7_name` varchar(45) default NULL,
  `player8_name` varchar(45) default NULL,
  `player1_rate` smallint(6) NOT NULL,
  `player2_rate` smallint(6) NOT NULL,
  `player3_rate` smallint(6) default NULL,
  `player4_rate` smallint(6) default NULL,
  `player5_rate` smallint(6) default NULL,
  `player6_rate` smallint(6) default NULL,
  `player7_rate` smallint(6) default NULL,
  `player8_rate` smallint(6) default NULL,
  `player1_win` int(11) default NULL,
  `player1_lose` int(11) default NULL,
  `player1_streak` int(11) default NULL,
  `player1_win_streak` int(11) default NULL,
  `player1_lose_streak` int(11) default NULL,
  `player2_win` int(11) default NULL,
  `player2_lose` int(11) default NULL,
  `player2_streak` int(11) default NULL,
  `player2_win_streak` int(11) default NULL,
  `player2_lose_streak` int(11) default NULL,
  `player3_win` int(11) default NULL,
  `player3_lose` int(11) default NULL,
  `player3_streak` int(11) default NULL,
  `player3_win_streak` int(11) default NULL,
  `player3_lose_streak` int(11) default NULL,
  `player4_win` int(11) default NULL,
  `player4_lose` int(11) default NULL,
  `player4_streak` int(11) default NULL,
  `player4_win_streak` int(11) default NULL,
  `player4_lose_streak` int(11) default NULL,
  `player5_win` int(11) default NULL,
  `player5_lose` int(11) default NULL,
  `player5_streak` int(11) default NULL,
  `player5_win_streak` int(11) default NULL,
  `player5_lose_streak` int(11) default NULL,
  `player6_win` int(11) default NULL,
  `player6_lose` int(11) default NULL,
  `player6_streak` int(11) default NULL,
  `player6_win_streak` int(11) default NULL,
  `player6_lose_streak` int(11) default NULL,
  `player7_win` int(11) default NULL,
  `player7_lose` int(11) default NULL,
  `player7_streak` int(11) default NULL,
  `player7_win_streak` int(11) default NULL,
  `player7_lose_streak` int(11) default NULL,
  `player8_lose` int(11) default NULL,
  `player8_win` int(11) default NULL,
  `player8_streak` int(11) default NULL,
  `player8_win_streak` int(11) default NULL,
  `player8_lose_streak` int(11) default NULL,
  `player1_maxrate` smallint(6) default NULL,
  `player2_maxrate` smallint(6) default NULL,
  `player3_maxrate` smallint(6) default NULL,
  `player4_maxrate` smallint(6) default NULL,
  `player5_maxrate` smallint(6) default NULL,
  `player6_maxrate` smallint(6) default NULL,
  `player7_maxrate` smallint(6) default NULL,
  `player8_maxrate` smallint(6) default NULL,
  PRIMARY KEY  (`gamelog_id`)
) ENGINE=MyISAM  DEFAULT CHARSET=utf8 AUTO_INCREMENT=105 ;

--
-- テーブルのデータのダンプ `gamelog`
--

INSERT INTO `gamelog` (`gamelog_id`, `created_on`, `game_end`, `game_status`, `win_team`, `lose_team`, `team1_rate`, `team2_rate`, `player1_team`, `player2_team`, `player3_team`, `player4_team`, `player5_team`, `player6_team`, `player7_team`, `player8_team`, `player1_id`, `player2_id`, `player3_id`, `player4_id`, `player5_id`, `player6_id`, `player7_id`, `player8_id`, `player1_name`, `player2_name`, `player3_name`, `player4_name`, `player5_name`, `player6_name`, `player7_name`, `player8_name`, `player1_rate`, `player2_rate`, `player3_rate`, `player4_rate`, `player5_rate`, `player6_rate`, `player7_rate`, `player8_rate`, `player1_win`, `player1_lose`, `player1_streak`, `player1_win_streak`, `player1_lose_streak`, `player2_win`, `player2_lose`, `player2_streak`, `player2_win_streak`, `player2_lose_streak`, `player3_win`, `player3_lose`, `player3_streak`, `player3_win_streak`, `player3_lose_streak`, `player4_win`, `player4_lose`, `player4_streak`, `player4_win_streak`, `player4_lose_streak`, `player5_win`, `player5_lose`, `player5_streak`, `player5_win_streak`, `player5_lose_streak`, `player6_win`, `player6_lose`, `player6_streak`, `player6_win_streak`, `player6_lose_streak`, `player7_win`, `player7_lose`, `player7_streak`, `player7_win_streak`, `player7_lose_streak`, `player8_lose`, `player8_win`, `player8_streak`, `player8_win_streak`, `player8_lose_streak`, `player1_maxrate`, `player2_maxrate`, `player3_maxrate`, `player4_maxrate`, `player5_maxrate`, `player6_maxrate`, `player7_maxrate`, `player8_maxrate`) VALUES
(96, '2014-01-14 11:15:57', '2014-01-14 20:27:02', 0, 2, 1, 2500, 1795, 1, 2, NULL, NULL, NULL, NULL, 0, NULL, 97, 98, NULL, NULL, NULL, NULL, NULL, NULL, 'function_test_user1', 'function_test_user2', NULL, NULL, NULL, NULL, NULL, NULL, 2500, 1795, NULL, NULL, NULL, NULL, NULL, NULL, 0, 0, 0, 0, 0, 0, 0, 0, 0, 0, NULL, NULL, NULL, NULL, NULL, NULL, NULL, NULL, NULL, NULL, NULL, NULL, NULL, NULL, NULL, NULL, NULL, NULL, NULL, NULL, NULL, NULL, NULL, NULL, NULL, NULL, NULL, NULL, NULL, NULL, 1615, 1795, NULL, NULL, NULL, NULL, NULL, NULL),
(97, '2014-01-14 11:31:50', '2014-01-14 21:11:11', 2, 0, 0, 2469, 1826, 1, 2, NULL, NULL, NULL, NULL, 0, NULL, 97, 98, NULL, NULL, NULL, NULL, NULL, NULL, 'function_test_user1', 'function_test_user2', NULL, NULL, NULL, NULL, NULL, NULL, 2469, 1826, NULL, NULL, NULL, NULL, NULL, NULL, 0, 1, -1, 0, 1, 1, 0, 1, 1, 0, NULL, NULL, NULL, NULL, NULL, NULL, NULL, NULL, NULL, NULL, NULL, NULL, NULL, NULL, NULL, NULL, NULL, NULL, NULL, NULL, NULL, NULL, NULL, NULL, NULL, NULL, NULL, NULL, NULL, NULL, 1615, 1826, NULL, NULL, NULL, NULL, NULL, NULL),
(98, '2014-01-14 14:03:02', '2014-01-14 23:40:21', 0, 2, 1, 5906, 5968, 1, 2, 1, 2, 1, 2, 1, 2, 172, 93, 168, 119, 89, 66, 34, 177, 'primal', 'NoName', 'wat', 'A-Naka', 'muko', 'areios_zero', 'erlkonig', 'AttiLaCIa', 1483, 1570, 1256, 1453, 1434, 1545, 1733, 1400, 0, 0, 0, 0, 0, 0, 0, 0, 0, 0, 0, 0, 0, 0, 0, 0, 0, 0, 0, 0, 0, 0, 0, 0, 0, 0, 0, 0, 0, 0, 0, 0, 0, 0, 0, 0, 0, 0, 0, 0, 1483, 1570, 1256, 1453, 1434, 1545, 1733, 1400),
(99, '2014-01-15 07:27:36', '0000-00-00 00:00:00', 2, NULL, NULL, 1676, 1618, 1, 2, NULL, NULL, NULL, NULL, 0, NULL, 43, 61, NULL, NULL, NULL, NULL, NULL, NULL, 'trash[JP]', 'Mutti[JP]', NULL, NULL, NULL, NULL, NULL, NULL, 1676, 1618, NULL, NULL, NULL, NULL, NULL, NULL, 0, 0, 0, 0, 0, 0, 0, 0, 0, 0, NULL, NULL, NULL, NULL, NULL, NULL, NULL, NULL, NULL, NULL, NULL, NULL, NULL, NULL, NULL, NULL, NULL, NULL, NULL, NULL, NULL, NULL, NULL, NULL, NULL, NULL, NULL, NULL, NULL, NULL, 1676, 1618, NULL, NULL, NULL, NULL, NULL, NULL),
(100, '2014-01-15 14:45:28', '2014-01-15 23:55:01', 0, 1, 2, 6118, 6224, 1, 1, 1, 2, 1, 2, 2, 2, 179, 60, 177, 58, 34, 107, 180, 35, 'punko_m', 'kazz.ito', 'AttiLaCIa', 'ab_trimmer', 'erlkonig', 'Anago', 'ko_yo0518', 'toki-u', 1350, 1637, 1600, 1576, 1718, 1350, 1450, 1661, 0, 0, 0, 0, 0, 0, 0, 0, 0, 0, 1, 0, 1, 1, 0, 0, 0, 0, 0, 0, 0, 1, -1, 0, 1, 0, 0, 0, 0, 0, 0, 0, 0, 0, 0, 0, 0, 0, 0, 0, 1350, 1637, 1600, 1576, 1733, 1350, 1450, 1661),
(101, '2014-01-15 15:19:16', '2014-01-16 01:23:49', 0, 1, 2, 6372, 6355, 1, 2, 1, 2, 1, 2, 1, 2, 16, 60, 35, 44, 66, 135, 166, 61, 'qutto', 'kazz.ito', 'toki-u', 'saikoro', 'areios_zero', 'Watanabe_Japan', 'apsalussan', 'Mutti[JP]', 1768, 1654, 1644, 1732, 1560, 1351, 1400, 1618, 0, 0, 0, 0, 0, 1, 0, 1, 1, 0, 0, 1, -1, 0, 1, 0, 0, 0, 0, 0, 1, 0, 1, 1, 0, 0, 0, 0, 0, 0, 0, 0, 0, 0, 0, 0, 0, 0, 0, 0, 1768, 1654, 1661, 1732, 1560, 1351, 1400, 1618),
(102, '2014-01-16 13:44:05', '2014-01-16 23:46:25', 0, 2, 1, 6269, 6298, 1, 2, 1, 2, 1, 2, 1, 2, 66, 143, 62, 35, 58, 119, 33, 36, 'areios_zero', 'Hellsinker', 'kain', 'toki-u', 'ab_trimmer', 'A-Naka', 'mjk', 'dsk', 1576, 1518, 1435, 1660, 1559, 1468, 1699, 1652, 2, 0, 2, 2, 0, 0, 0, 0, 0, 0, 0, 0, 0, 0, 0, 1, 1, 1, 1, 1, 0, 1, -1, 0, 1, 1, 0, 1, 1, 0, 0, 0, 0, 0, 0, 0, 0, 0, 0, 0, 1576, 1518, 1435, 1661, 1576, 1468, 1699, 1652),
(103, '2014-01-16 15:08:10', '2014-01-17 00:40:58', 0, 1, 2, 6463, 6463, 1, 2, 1, 2, 1, 2, 1, 2, 60, 72, 113, 70, 89, 177, 61, 75, 'kazz.ito', 'mattew', 'hattottonn', 'HustlerOne', 'muko', 'AttiLaCIa', 'Mutti[JP]', 'osaka_htps', 1638, 1682, 1804, 1648, 1419, 1617, 1602, 1516, 1, 1, -1, 1, 1, 0, 0, 0, 0, 0, 0, 0, 0, 0, 0, 0, 0, 0, 0, 0, 0, 1, -1, 0, 1, 2, 0, 2, 2, 0, 0, 1, -1, 0, 1, 0, 0, 0, 0, 0, 1654, 1682, 1804, 1648, 1434, 1617, 1618, 1516),
(104, '2014-01-16 17:19:01', '2014-01-17 02:19:21', 0, 2, 1, 6151, 6498, 1, 2, 1, 2, 1, 2, 1, 2, 179, 93, 92, 60, 119, 58, 181, 44, 'punko_m', 'NoName', 'kommensie2002', 'kazz.ito', 'A-Naka', 'ab_trimmer', 'meumeu', 'saikoro', 1367, 1585, 1550, 1654, 1484, 1543, 1750, 1716, 1, 0, 1, 1, 0, 1, 0, 1, 1, 0, 0, 0, 0, 0, 0, 2, 1, 1, 1, 1, 2, 0, 2, 2, 0, 0, 2, -2, 0, 2, 0, 0, 0, 0, 0, 1, 0, -1, 0, 1, 1367, 1585, 1550, 1654, 1484, 1576, 1750, 1732);

-- --------------------------------------------------------

--
-- テーブルの構造 `loginlog`
--

CREATE TABLE IF NOT EXISTS `loginlog` (
  `loginlog_id` int(11) NOT NULL auto_increment,
  `target_user` varchar(45) NOT NULL,
  `login_status` varchar(45) NOT NULL,
  `connect_ipaddress` varchar(45) NOT NULL,
  `memo` varchar(45) default NULL,
  `login_date` timestamp NOT NULL default CURRENT_TIMESTAMP,
  PRIMARY KEY  (`loginlog_id`)
) ENGINE=MyISAM  DEFAULT CHARSET=utf8 AUTO_INCREMENT=2 ;

--
-- テーブルのデータのダンプ `loginlog`
--

INSERT INTO `loginlog` (`loginlog_id`, `target_user`, `login_status`, `connect_ipaddress`, `memo`, `login_date`) VALUES
(1, 'Erlkonig', 'success', '221.76.230.166', NULL, '2014-01-16 20:34:24');

-- --------------------------------------------------------

--
-- テーブルの構造 `player`
--

CREATE TABLE IF NOT EXISTS `player` (
  `player_id` int(11) NOT NULL auto_increment,
  `rate_id` int(11) NOT NULL,
  `player_name` varchar(45) character set latin1 NOT NULL,
  `memo` text,
  `delete_flag` tinyint(4) NOT NULL default '0',
  `last_editor` varchar(45) NOT NULL,
  `created_on` timestamp NOT NULL default '0000-00-00 00:00:00',
  `updated_on` timestamp NOT NULL default CURRENT_TIMESTAMP,
  PRIMARY KEY  (`player_id`)
) ENGINE=MyISAM  DEFAULT CHARSET=utf8 AUTO_INCREMENT=182 ;

--
-- テーブルのデータのダンプ `player`
--

INSERT INTO `player` (`player_id`, `rate_id`, `player_name`, `memo`, `delete_flag`, `last_editor`, `created_on`, `updated_on`) VALUES
(1, 1, 'dystopia', '', 0, 'i_Phone', '0000-00-00 00:00:00', '2014-01-14 00:03:17'),
(2, 2, 'koujan', '', 0, 'i_Phone', '0000-00-00 00:00:00', '2014-01-13 23:52:34'),
(3, 3, 'iPhone', '', 0, 'i_Phone', '0000-00-00 00:00:00', '2014-01-13 23:53:02'),
(4, 4, 'GARU', '', 0, 'Erlkonig', '0000-00-00 00:00:00', '2014-01-03 08:27:52'),
(5, 5, 'masa4', '', 0, 'i_Phone', '0000-00-00 00:00:00', '2014-01-13 23:50:46'),
(6, 6, 'roki', NULL, 0, '', '0000-00-00 00:00:00', '2013-12-14 05:29:17'),
(7, 7, 'asuky', '', 0, 'i_Phone', '0000-00-00 00:00:00', '2014-01-14 00:10:12'),
(8, 8, 'leonak', NULL, 0, '', '0000-00-00 00:00:00', '2013-12-14 05:29:17'),
(9, 9, 'tomyam', '', 0, 'i_Phone', '0000-00-00 00:00:00', '2014-01-13 23:51:19'),
(10, 10, 'IS05', NULL, 0, '', '0000-00-00 00:00:00', '2013-12-14 05:29:17'),
(11, 11, 'komogkomog', '', 0, 'i_Phone', '0000-00-00 00:00:00', '2014-01-13 23:52:51'),
(12, 12, 'Ichiji', '', 0, 'i_Phone', '0000-00-00 00:00:00', '2014-01-13 23:53:19'),
(13, 13, 'Horatio', '', 0, 'mutti', '0000-00-00 00:00:00', '2013-12-26 22:42:13'),
(14, 14, 'okixile', '', 0, 'mutti', '0000-00-00 00:00:00', '2013-12-26 22:55:13'),
(15, 15, 'teppei0905', NULL, 0, '', '0000-00-00 00:00:00', '2013-12-14 05:29:17'),
(16, 16, 'qutto', NULL, 0, '', '0000-00-00 00:00:00', '2013-12-14 05:29:17'),
(17, 17, 'haskaop', '', 0, 'i_Phone', '0000-00-00 00:00:00', '2014-01-13 23:53:31'),
(18, 18, 'Gooood', NULL, 0, '', '0000-00-00 00:00:00', '2013-12-14 05:29:17'),
(19, 19, 'OhaYoDA', NULL, 0, '', '0000-00-00 00:00:00', '2013-12-14 05:29:17'),
(20, 20, 'konitan12', '', 0, 'mutti', '0000-00-00 00:00:00', '2013-12-26 22:41:07'),
(21, 21, 'Weltseele', '', 0, 'mutti', '0000-00-00 00:00:00', '2013-12-26 22:32:56'),
(22, 22, 'Masao', NULL, 0, '', '0000-00-00 00:00:00', '2013-12-14 05:29:17'),
(23, 23, 'RedEye(11)', NULL, 0, '', '0000-00-00 00:00:00', '2013-12-14 05:29:17'),
(24, 24, 'messagebox.jp', NULL, 0, '', '0000-00-00 00:00:00', '2013-12-14 05:29:17'),
(25, 25, 'hmtarou', NULL, 0, '', '0000-00-00 00:00:00', '2013-12-14 05:29:17'),
(26, 26, 'pokeke', '', 0, 'Erlkonig', '0000-00-00 00:00:00', '2014-01-03 07:25:30'),
(27, 27, 'shnkgw', NULL, 0, '', '0000-00-00 00:00:00', '2013-12-14 05:29:17'),
(28, 28, 'koucha', NULL, 0, '', '0000-00-00 00:00:00', '2013-12-14 05:29:17'),
(29, 29, 'orunnyo', NULL, 0, '', '0000-00-00 00:00:00', '2013-12-14 05:29:17'),
(30, 30, 'SARASAREdammy', NULL, 0, '', '0000-00-00 00:00:00', '2013-12-14 05:29:17'),
(31, 31, 'TEATEA', NULL, 0, '', '0000-00-00 00:00:00', '2013-12-14 05:29:17'),
(32, 32, 'M94', NULL, 0, '', '0000-00-00 00:00:00', '2013-12-14 05:29:17'),
(33, 33, 'mjk', '元の名前：mjkxw129', 0, 'trash', '0000-00-00 00:00:00', '2014-01-04 15:43:19'),
(34, 34, 'erlkonig', NULL, 0, '', '0000-00-00 00:00:00', '2013-12-14 05:29:17'),
(35, 35, 'toki-u', NULL, 0, '', '0000-00-00 00:00:00', '2013-12-14 05:29:17'),
(36, 36, 'dsk', '', 0, 'mutti', '0000-00-00 00:00:00', '2013-12-26 22:43:42'),
(37, 37, 'pttn', NULL, 0, '', '0000-00-00 00:00:00', '2013-12-14 05:29:17'),
(38, 38, 'shohe.shohe', '', 0, 'alicia_san', '0000-00-00 00:00:00', '2013-12-29 16:52:24'),
(39, 39, 'amaguriya', NULL, 0, '', '0000-00-00 00:00:00', '2013-12-14 05:29:17'),
(40, 40, 'Nishi', NULL, 0, '', '0000-00-00 00:00:00', '2013-12-14 05:29:17'),
(41, 41, 'himitu', NULL, 0, '', '0000-00-00 00:00:00', '2013-12-14 05:29:17'),
(42, 42, 'JPZealot[JP]', '', 0, 'trash', '0000-00-00 00:00:00', '2013-12-28 07:11:14'),
(43, 43, 'trash[JP]', NULL, 0, '', '0000-00-00 00:00:00', '2013-12-14 05:29:17'),
(44, 44, 'saikoro', NULL, 0, '', '0000-00-00 00:00:00', '2013-12-14 05:29:17'),
(45, 45, 'P_yatta', NULL, 0, '', '0000-00-00 00:00:00', '2013-12-14 05:29:17'),
(46, 46, 'Reona', NULL, 0, '', '0000-00-00 00:00:00', '2013-12-14 05:29:17'),
(47, 47, 'kec', NULL, 0, '', '0000-00-00 00:00:00', '2013-12-14 05:29:17'),
(48, 48, 'urasaso', NULL, 0, '', '0000-00-00 00:00:00', '2013-12-14 05:29:17'),
(49, 49, 'unkobox360', NULL, 0, '', '0000-00-00 00:00:00', '2013-12-14 05:29:17'),
(50, 50, 'Litochin[^-^]', '', 0, 'mutti', '0000-00-00 00:00:00', '2013-12-26 22:36:43'),
(51, 51, 'oyacchan', '', 0, 'Erlkonig', '0000-00-00 00:00:00', '2014-01-06 16:34:30'),
(52, 52, 'sia', NULL, 0, '', '0000-00-00 00:00:00', '2013-12-14 05:29:17'),
(53, 53, 'phantom', NULL, 0, '', '0000-00-00 00:00:00', '2013-12-14 05:29:17'),
(54, 54, 'Rainy_season', NULL, 0, '', '0000-00-00 00:00:00', '2013-12-14 05:29:17'),
(55, 55, 'akito_TTI', NULL, 0, '', '0000-00-00 00:00:00', '2013-12-14 05:29:17'),
(56, 56, 'hakusan', NULL, 0, '', '0000-00-00 00:00:00', '2013-12-14 05:29:17'),
(57, 57, 'Brunestud', NULL, 0, '', '0000-00-00 00:00:00', '2013-12-14 05:29:17'),
(58, 58, 'ab_trimmer', NULL, 0, '', '0000-00-00 00:00:00', '2013-12-14 05:29:17'),
(59, 59, 'Alicia_san', NULL, 0, '', '0000-00-00 00:00:00', '2013-12-14 05:29:17'),
(60, 60, 'kazz.ito', NULL, 0, '', '0000-00-00 00:00:00', '2013-12-14 05:29:17'),
(61, 61, 'Mutti[JP]', '', 0, 'mutti', '0000-00-00 00:00:00', '2013-12-27 09:35:06'),
(62, 62, 'kain', NULL, 0, '', '0000-00-00 00:00:00', '2013-12-14 05:29:17'),
(63, 63, 'jukuchou', '', 0, 'mutti', '0000-00-00 00:00:00', '2013-12-26 22:43:07'),
(64, 64, 'kojhiro_sasaki', NULL, 0, '', '0000-00-00 00:00:00', '2013-12-14 05:29:17'),
(65, 65, 'tohkon.inoki', NULL, 0, '', '0000-00-00 00:00:00', '2013-12-14 05:29:17'),
(66, 66, 'areios_zero', NULL, 0, '', '0000-00-00 00:00:00', '2013-12-14 05:29:17'),
(67, 67, 'ken0229', NULL, 0, '', '0000-00-00 00:00:00', '2013-12-14 05:29:17'),
(68, 68, 'yoshiDYG', NULL, 0, '', '0000-00-00 00:00:00', '2013-12-14 05:29:17'),
(69, 69, 'painomi', NULL, 0, '', '0000-00-00 00:00:00', '2013-12-14 05:29:17'),
(70, 70, 'HustlerOne', NULL, 0, '', '0000-00-00 00:00:00', '2013-12-14 05:29:17'),
(71, 71, 'alicehase', NULL, 0, '', '0000-00-00 00:00:00', '2013-12-14 05:29:17'),
(72, 72, 'mattew', NULL, 0, '', '0000-00-00 00:00:00', '2013-12-14 05:29:17'),
(73, 73, 'ungatoDYG', NULL, 0, '', '0000-00-00 00:00:00', '2013-12-14 05:29:17'),
(74, 74, 'mirri999', NULL, 0, '', '0000-00-00 00:00:00', '2013-12-14 05:29:17'),
(75, 75, 'osaka_htps', '', 0, 'abtrimmer', '0000-00-00 00:00:00', '2014-01-04 09:19:38'),
(76, 76, 'gj1124', NULL, 0, '', '0000-00-00 00:00:00', '2013-12-14 05:29:17'),
(77, 77, 'imoimo', '', 0, 'abtrimmer', '0000-00-00 00:00:00', '2014-01-04 09:20:05'),
(78, 78, 'hisukai', NULL, 0, '', '0000-00-00 00:00:00', '2013-12-14 05:29:17'),
(79, 79, 'TOEIC', NULL, 0, '', '0000-00-00 00:00:00', '2013-12-14 05:29:17'),
(80, 80, 'minato', NULL, 0, '', '0000-00-00 00:00:00', '2013-12-14 05:29:17'),
(81, 81, 'kim_shougun', NULL, 0, '', '0000-00-00 00:00:00', '2013-12-14 05:29:17'),
(82, 82, 'thaomin', NULL, 0, '', '0000-00-00 00:00:00', '2013-12-14 05:29:17'),
(83, 83, 'ym0111', NULL, 0, '', '0000-00-00 00:00:00', '2013-12-14 05:29:17'),
(84, 84, 'DQN', NULL, 0, '', '0000-00-00 00:00:00', '2013-12-14 05:29:17'),
(85, 85, 'OKU!', NULL, 0, '', '0000-00-00 00:00:00', '2013-12-14 05:29:17'),
(86, 86, 'Yhokho', NULL, 0, '', '0000-00-00 00:00:00', '2013-12-14 05:29:17'),
(87, 87, 'Kishina', NULL, 0, '', '0000-00-00 00:00:00', '2013-12-14 05:29:17'),
(88, 88, 'sumyapp', NULL, 0, '', '0000-00-00 00:00:00', '2013-12-14 05:29:17'),
(89, 89, 'muko', NULL, 0, '', '0000-00-00 00:00:00', '2013-12-14 05:29:17'),
(90, 90, 'baal.shlomo72', NULL, 0, '', '0000-00-00 00:00:00', '2013-12-14 05:32:00'),
(91, 91, 'Y1', '', 0, 'mutti', '2013-12-26 22:58:23', '2013-12-26 22:58:23'),
(92, 92, 'kommensie2002', '', 0, 'trash', '2013-12-27 10:09:00', '2013-12-27 10:09:00'),
(93, 93, 'NoName', '', 0, 'mutti', '2013-12-27 10:09:16', '2013-12-29 16:53:01'),
(94, 94, 'CARDHU', '', 0, 'trash', '2013-12-27 10:09:32', '2013-12-27 10:09:32'),
(95, 95, 'tsu1226', '', 0, 'trash', '2013-12-27 10:09:42', '2013-12-27 10:09:42'),
(96, 96, 'ke10w0', '', 0, 'trash', '2013-12-27 10:10:34', '2013-12-27 10:10:34'),
(97, 97, 'function_test_user1', '', 0, 'Erlkonig', '2013-12-28 00:06:12', '2014-01-16 09:48:45'),
(98, 98, 'function_test_user2', '', 0, 'Erlkonig', '2013-12-28 00:06:26', '2013-12-28 00:06:26'),
(99, 99, 'seki-rei', '', 0, 'trash', '2013-12-28 06:07:06', '2013-12-28 06:07:06'),
(100, 100, 'nahoro', '', 0, 'trash', '2013-12-28 06:07:17', '2013-12-28 06:07:17'),
(101, 101, 'misterioso', '', 0, 'trash', '2013-12-28 06:07:35', '2013-12-28 06:07:35'),
(102, 102, 'curokuro', '', 0, 'trash', '2013-12-28 06:07:59', '2013-12-28 06:07:59'),
(103, 103, 'hgsteven', '', 0, 'trash', '2013-12-28 06:08:08', '2013-12-28 06:08:08'),
(104, 104, 'Sokk', '', 0, 'trash', '2013-12-28 06:08:18', '2013-12-28 06:08:18'),
(105, 105, 'wesker', '', 0, 'trash', '2013-12-28 06:08:43', '2013-12-28 06:08:43'),
(106, 106, 'EGMgst', '', 0, 'trash', '2013-12-28 07:05:35', '2013-12-28 07:05:35'),
(107, 107, 'Anago', '', 0, 'trash', '2013-12-28 07:13:45', '2013-12-28 07:13:45'),
(108, 108, 'yosimi', '', 0, 'trash', '2013-12-28 07:16:12', '2013-12-28 07:16:12'),
(109, 109, 'mako', '', 0, 'trash', '2013-12-28 17:01:59', '2013-12-28 17:01:59'),
(110, 110, 'tamapopopo', '', 0, 'trash', '2013-12-28 17:03:15', '2013-12-28 17:03:15'),
(111, 111, 'ELunkoman', '', 0, 'trash', '2013-12-28 17:49:33', '2013-12-28 17:49:33'),
(112, 112, 'kgwryk28', '', 0, 'trash', '2013-12-28 18:44:41', '2013-12-28 18:44:41'),
(113, 113, 'hattottonn', '', 0, 'trash', '2013-12-29 10:43:29', '2013-12-29 10:43:29'),
(114, 114, 'Hide and Seek', '', 0, 'trash', '2013-12-29 10:43:51', '2013-12-29 10:43:51'),
(115, 115, 'Cronus', '', 0, 'alicia_san', '2013-12-29 12:22:51', '2013-12-29 12:22:51'),
(116, 116, 'kamikoro', '', 0, 'alicia_san', '2013-12-29 12:28:08', '2013-12-29 12:28:08'),
(117, 117, 'balliant', '', 0, 'trash', '2013-12-29 13:20:18', '2013-12-29 14:02:07'),
(118, 118, 'ero-bakufu', '', 0, 'trash', '2013-12-29 13:21:18', '2013-12-29 14:02:36'),
(119, 119, 'A-Naka', '', 0, 'kazz_ito', '2013-12-29 14:35:01', '2013-12-29 14:35:01'),
(120, 120, 'kotaro1944', '', 0, 'alicia_san', '2013-12-29 15:18:43', '2013-12-29 15:18:43'),
(121, 121, 'omokechan', '', 0, 'alicia_san', '2013-12-29 19:20:47', '2013-12-29 19:20:47'),
(122, 122, 'radeon', '', 0, 'alicia_san', '2013-12-29 20:37:35', '2013-12-29 20:37:35'),
(123, 123, 'function_test_user3', '\\\\\\''', 0, 'Erlkonig', '2013-12-30 00:37:21', '2014-01-13 23:56:04'),
(124, 124, 'function_test_user4', '', 0, 'oyacchan', '2013-12-30 12:42:20', '2014-01-14 01:16:52'),
(125, 127, 'Tyata', '', 0, 'alicia_san', '2013-12-30 12:45:01', '2013-12-30 12:45:01'),
(126, 128, 'function_test_user5', '', 0, 'Erlkonig', '2013-12-30 12:45:18', '2013-12-30 12:54:01'),
(127, 129, '\\\\\\''', 'エスケープ文字テスト', 1, 'Erlkonig', '2013-12-30 12:48:35', '2013-12-30 13:40:52'),
(128, 130, 'fuck\\''in mutti', '', 1, 'Erlkonig', '2013-12-30 12:55:39', '2013-12-30 13:40:45'),
(129, 131, 'CateNexus', '', 0, 'alicia_san', '2013-12-30 13:46:48', '2013-12-30 14:31:50'),
(130, 132, 'fuck_in mutti', '', 1, 'Erlkonig', '2013-12-30 13:48:10', '2014-01-06 17:23:14'),
(131, 133, 'Tetsu-kw', '', 0, 'alicia_san', '2013-12-30 14:23:04', '2013-12-30 14:33:24'),
(132, 134, 'gozila', 'piccoroさん。たまひよ民。レート400～500ぐらいだった気がする。', 0, 'alicia_san', '2013-12-30 14:26:35', '2014-01-13 18:07:17'),
(133, 135, 'inora', '', 0, 'alicia_san', '2013-12-30 15:22:28', '2013-12-30 15:22:28'),
(134, 136, 'n-yossy', '', 0, 'kazz_ito', '2013-12-30 15:48:27', '2013-12-30 15:48:27'),
(135, 137, 'Watanabe_Japan', '', 0, 'kazz_ito', '2013-12-30 17:25:32', '2014-01-15 15:05:39'),
(136, 138, 'emery', '', 0, 'i_Phone', '2013-12-30 20:03:11', '2014-01-13 23:51:41'),
(137, 139, 'Ikumo', '', 0, 'trash', '2013-12-31 07:06:14', '2013-12-31 07:06:14'),
(138, 140, 'samochang', '', 0, 'trash', '2013-12-31 07:06:24', '2013-12-31 07:06:24'),
(139, 141, 'kyabetsu', '', 0, 'trash', '2013-12-31 07:06:36', '2013-12-31 07:06:36'),
(140, 142, 'fainaltom', '', 0, 'trash', '2013-12-31 07:09:42', '2013-12-31 07:09:42'),
(141, 143, '[iDOL]ichigo', '', 0, 'trash', '2013-12-31 09:25:09', '2013-12-31 09:25:09'),
(142, 144, 'tukuyomi', '', 0, 'trash', '2014-01-01 10:51:41', '2014-01-01 11:51:14'),
(143, 145, 'Hellsinker', '', 0, 'trash', '2014-01-01 10:51:54', '2014-01-01 11:27:42'),
(144, 146, 'daidai', '', 0, 'trash', '2014-01-01 11:49:14', '2014-01-01 12:27:36'),
(145, 147, 'potocool3001', '', 0, 'trash', '2014-01-01 11:49:38', '2014-01-01 12:36:49'),
(146, 148, 'Denim', '', 0, 'trash', '2014-01-01 14:09:54', '2014-01-01 14:09:54'),
(147, 149, '*Aurelia*', '', 0, 'trash', '2014-01-01 14:11:36', '2014-01-01 14:11:36'),
(148, 150, 'Lapis_L', '', 0, 'trash', '2014-01-01 14:11:45', '2014-01-01 14:11:45'),
(149, 151, 'TENMU', '', 0, 'i_Phone', '2014-01-03 08:24:12', '2014-01-13 23:52:11'),
(150, 152, 'mozibake', '22:35 (trash[jp_) そういえば日本語名前で文字化けしちゃってて、読めない人が居たので仮にmozibakeで登録したのですけれどこれどうすれば良いでしょうか。　日本語だと登録出来ないし、文字化けする事を教えたから多分名前変わると思うのでちょっとミスったかなぁとか思ってるのですけど　「鎌医・纏ｵ雲蛾」', 0, 'trash', '2014-01-03 11:47:42', '2014-01-03 13:41:17'),
(151, 153, 'yakitoriZ', '', 0, 'trash', '2014-01-03 11:48:33', '2014-01-03 11:48:33'),
(152, 154, 'UB34', '', 0, 'Erlkonig', '2014-01-03 12:25:48', '2014-01-03 12:25:48'),
(153, 155, 'ga-1', '', 0, 'abtrimmer', '2014-01-03 12:27:48', '2014-01-04 09:01:26'),
(154, 156, 'abtkts', '', 0, 'abtrimmer', '2014-01-04 08:42:20', '2014-01-04 08:42:20'),
(155, 157, 'i_love_AOC_', 'たにこさん、こっこプレイヤー', 0, 'Erlkonig', '2014-01-04 10:46:50', '2014-01-04 10:46:50'),
(156, 158, 'hagrm160', '', 0, 'Erlkonig', '2014-01-04 10:49:08', '2014-01-04 10:49:08'),
(157, 159, 'kasupon1981', '', 0, 'kazz_ito', '2014-01-04 14:33:26', '2014-01-04 15:14:29'),
(158, 160, 'jas', '', 0, 'kazz_ito', '2014-01-04 15:21:09', '2014-01-04 15:21:09'),
(159, 161, 'hikikomoyutori', '', 0, 'kazz_ito', '2014-01-04 15:23:24', '2014-01-04 15:23:24'),
(160, 162, 'nanaka', '', 0, 'kazz_ito', '2014-01-04 15:55:01', '2014-01-04 15:55:01'),
(161, 163, 'Ebihurai', '', 0, 'kazz_ito', '2014-01-04 17:04:02', '2014-01-04 18:04:11'),
(162, 164, 'KyabetuTarou', '', 0, 'kazz_ito', '2014-01-04 17:08:49', '2014-01-04 18:03:12'),
(163, 165, 'toppers', '', 0, 'kazz_ito', '2014-01-05 13:52:03', '2014-01-05 13:52:03'),
(164, 166, 'd715iba', '', 0, 'kazz_ito', '2014-01-05 14:12:41', '2014-01-05 15:00:09'),
(165, 167, 'piyoyofunyu', '', 0, 'kazz_ito', '2014-01-06 14:15:32', '2014-01-06 14:15:32'),
(166, 168, 'apsalussan', '', 0, 'kazz_ito', '2014-01-06 15:06:19', '2014-01-06 15:06:19'),
(167, 169, 'nao_zzg', '', 0, 'kazz_ito', '2014-01-06 15:06:31', '2014-01-06 15:07:36'),
(168, 170, 'wat', '', 0, 'kazz_ito', '2014-01-07 14:34:40', '2014-01-07 14:34:40'),
(169, 171, 'rairaio', '', 0, 'Erlkonig', '2014-01-08 14:58:25', '2014-01-08 14:58:25'),
(170, 172, 'espassi', '', 0, 'Erlkonig', '2014-01-08 14:58:44', '2014-01-09 20:08:51'),
(171, 173, 'function_test_user6', 'tesuto', 1, 'Erlkonig', '2014-01-09 20:09:11', '2014-01-16 09:48:57'),
(172, 174, 'primal', '', 0, 'kazz_ito', '2014-01-12 13:49:30', '2014-01-12 14:44:33'),
(173, 175, 'hirontu_', 'レート1773', 0, 'trash', '2014-01-13 08:01:45', '2014-01-13 08:01:45'),
(174, 176, 'tosiyuki920', '', 0, 'kazz_ito', '2014-01-13 14:02:05', '2014-01-13 14:34:24'),
(175, 177, 'dio', '', 0, 'alicia_san', '2014-01-13 17:58:47', '2014-01-13 17:58:47'),
(176, 178, 'huji_da_joe', '', 0, 'alicia_san', '2014-01-13 19:04:44', '2014-01-13 19:04:44'),
(177, 179, 'AttiLaCIa', '', 0, 'Erlkonig', '2014-01-14 14:00:21', '2014-01-14 15:32:02'),
(178, 180, 'kino458', '', 0, 'Erlkonig', '2014-01-14 15:29:16', '2014-01-14 15:29:16'),
(179, 181, 'punko_m', '', 0, 'kazz_ito', '2014-01-15 13:59:17', '2014-01-15 13:59:17'),
(180, 182, 'ko_yo0518', '', 0, 'Erlkonig', '2014-01-15 14:02:05', '2014-01-15 15:32:03'),
(181, 183, 'meumeu', '', 0, 'trash', '2014-01-16 14:44:26', '2014-01-16 14:44:26');

-- --------------------------------------------------------

--
-- テーブルの構造 `rate`
--

CREATE TABLE IF NOT EXISTS `rate` (
  `rate_id` int(11) NOT NULL auto_increment,
  `rate` smallint(6) NOT NULL default '1600',
  `previous_rate` smallint(6) NOT NULL default '1600',
  `win` int(11) NOT NULL default '0',
  `lose` int(11) NOT NULL default '0',
  `streak` int(11) NOT NULL default '0',
  `win_streak` int(11) NOT NULL default '0',
  `lose_streak` int(11) NOT NULL default '0',
  `max_rate` smallint(6) NOT NULL default '1600',
  `last_editor` varchar(45) default NULL,
  `edit_date` timestamp NOT NULL default '0000-00-00 00:00:00',
  `created_on` timestamp NOT NULL default '0000-00-00 00:00:00',
  `updated_on` timestamp NOT NULL default CURRENT_TIMESTAMP,
  PRIMARY KEY  (`rate_id`)
) ENGINE=MyISAM  DEFAULT CHARSET=latin1 AUTO_INCREMENT=184 ;

--
-- テーブルのデータのダンプ `rate`
--

INSERT INTO `rate` (`rate_id`, `rate`, `previous_rate`, `win`, `lose`, `streak`, `win_streak`, `lose_streak`, `max_rate`, `last_editor`, `edit_date`, `created_on`, `updated_on`) VALUES
(1, 1950, 1896, 0, 0, 0, 0, 0, 1950, 'i_Phone', '0000-00-00 00:00:00', '0000-00-00 00:00:00', '2014-01-14 00:03:17'),
(2, 2000, 1970, 0, 0, 0, 0, 0, 2000, 'i_Phone', '0000-00-00 00:00:00', '0000-00-00 00:00:00', '2014-01-13 23:52:34'),
(3, 1920, 1900, 0, 0, 0, 0, 0, 1920, 'i_Phone', '0000-00-00 00:00:00', '0000-00-00 00:00:00', '2014-01-13 23:53:02'),
(4, 1838, 1900, 0, 0, 0, 0, 0, 1838, 'Erlkonig', '0000-00-00 00:00:00', '0000-00-00 00:00:00', '2014-01-03 08:27:52'),
(5, 2050, 2000, 0, 0, 0, 0, 0, 2050, 'i_Phone', '0000-00-00 00:00:00', '0000-00-00 00:00:00', '2014-01-13 23:50:46'),
(6, 1883, 1900, 0, 0, 0, 0, 0, 1883, NULL, '0000-00-00 00:00:00', '0000-00-00 00:00:00', '2013-12-14 05:36:44'),
(7, 1850, 1900, 0, 0, 0, 0, 0, 1850, 'i_Phone', '0000-00-00 00:00:00', '0000-00-00 00:00:00', '2014-01-14 00:10:12'),
(8, 1900, 1900, 0, 0, 0, 0, 0, 1900, NULL, '0000-00-00 00:00:00', '0000-00-00 00:00:00', '2013-12-14 05:36:44'),
(9, 2050, 2000, 0, 0, 0, 0, 0, 2050, 'i_Phone', '0000-00-00 00:00:00', '0000-00-00 00:00:00', '2014-01-13 23:51:19'),
(10, 1900, 1900, 0, 0, 0, 0, 0, 1900, NULL, '0000-00-00 00:00:00', '0000-00-00 00:00:00', '2013-12-14 05:36:44'),
(11, 1950, 1909, 0, 0, 0, 0, 0, 1950, 'i_Phone', '0000-00-00 00:00:00', '0000-00-00 00:00:00', '2014-01-13 23:52:51'),
(12, 1950, 1900, 0, 0, 0, 0, 0, 1950, 'i_Phone', '0000-00-00 00:00:00', '0000-00-00 00:00:00', '2014-01-13 23:53:19'),
(13, 1917, 1917, 0, 0, 0, 0, 0, 1917, '', '0000-00-00 00:00:00', '0000-00-00 00:00:00', '2013-12-26 22:42:13'),
(14, 1945, 1917, 0, 0, 0, 0, 0, 1945, '', '0000-00-00 00:00:00', '0000-00-00 00:00:00', '2013-12-26 22:55:13'),
(15, 1700, 1700, 0, 0, 0, 0, 0, 1700, NULL, '0000-00-00 00:00:00', '0000-00-00 00:00:00', '2013-12-14 05:36:44'),
(16, 1784, 1700, 1, 0, 1, 1, 0, 1784, NULL, '0000-00-00 00:00:00', '0000-00-00 00:00:00', '2013-12-14 05:36:44'),
(17, 1900, 1866, 0, 0, 0, 0, 0, 1900, 'i_Phone', '0000-00-00 00:00:00', '0000-00-00 00:00:00', '2014-01-13 23:53:31'),
(18, 1750, 1700, 0, 0, 0, 0, 0, 1750, NULL, '0000-00-00 00:00:00', '0000-00-00 00:00:00', '2013-12-14 05:36:44'),
(19, 1700, 1700, 0, 0, 0, 0, 0, 1700, NULL, '0000-00-00 00:00:00', '0000-00-00 00:00:00', '2013-12-14 05:36:44'),
(20, 1766, 1700, 0, 0, 0, 0, 0, 1766, '', '0000-00-00 00:00:00', '0000-00-00 00:00:00', '2013-12-26 22:41:07'),
(21, 1929, 1700, 0, 0, 0, 0, 0, 1929, '', '0000-00-00 00:00:00', '0000-00-00 00:00:00', '2013-12-26 22:32:56'),
(22, 1700, 1700, 0, 0, 0, 0, 0, 1700, NULL, '0000-00-00 00:00:00', '0000-00-00 00:00:00', '2013-12-14 05:36:44'),
(23, 1700, 1700, 0, 0, 0, 0, 0, 1700, NULL, '0000-00-00 00:00:00', '0000-00-00 00:00:00', '2013-12-14 05:36:44'),
(24, 1787, 1700, 0, 0, 0, 0, 0, 1787, NULL, '0000-00-00 00:00:00', '0000-00-00 00:00:00', '2013-12-14 05:36:44'),
(25, 1800, 1700, 0, 0, 0, 0, 0, 1800, NULL, '0000-00-00 00:00:00', '0000-00-00 00:00:00', '2013-12-14 05:36:44'),
(26, 1800, 1684, 0, 0, 0, 0, 0, 1800, 'Erlkonig', '0000-00-00 00:00:00', '0000-00-00 00:00:00', '2014-01-03 07:25:30'),
(27, 1718, 1700, 0, 0, 0, 0, 0, 1718, NULL, '0000-00-00 00:00:00', '0000-00-00 00:00:00', '2013-12-14 05:36:44'),
(28, 1700, 1700, 0, 0, 0, 0, 0, 1700, NULL, '0000-00-00 00:00:00', '0000-00-00 00:00:00', '2013-12-14 05:36:44'),
(29, 1700, 1700, 0, 0, 0, 0, 0, 1700, NULL, '0000-00-00 00:00:00', '0000-00-00 00:00:00', '2013-12-14 05:36:44'),
(30, 1800, 1700, 0, 0, 0, 0, 0, 1800, NULL, '0000-00-00 00:00:00', '0000-00-00 00:00:00', '2013-12-14 05:36:44'),
(31, 1684, 1700, 0, 0, 0, 0, 0, 1684, NULL, '0000-00-00 00:00:00', '0000-00-00 00:00:00', '2013-12-14 05:36:44'),
(32, 1750, 1700, 0, 0, 0, 0, 0, 1750, NULL, '0000-00-00 00:00:00', '0000-00-00 00:00:00', '2013-12-14 05:36:44'),
(33, 1683, 1700, 0, 1, -1, 0, 1, 1699, 'trash', '0000-00-00 00:00:00', '0000-00-00 00:00:00', '2014-01-04 15:43:19'),
(34, 1735, 1600, 1, 1, 1, 1, 1, 1735, NULL, '0000-00-00 00:00:00', '0000-00-00 00:00:00', '2013-12-14 05:36:44'),
(35, 1676, 1600, 2, 1, 2, 2, 1, 1676, NULL, '0000-00-00 00:00:00', '0000-00-00 00:00:00', '2013-12-14 05:36:44'),
(36, 1668, 1600, 1, 0, 1, 1, 0, 1668, '', '0000-00-00 00:00:00', '0000-00-00 00:00:00', '2013-12-26 22:43:42'),
(37, 1569, 1600, 0, 0, 0, 0, 0, 1569, NULL, '0000-00-00 00:00:00', '0000-00-00 00:00:00', '2013-12-14 05:36:44'),
(38, 1690, 1599, 0, 0, 0, 0, 0, 1690, 'alicia_san', '0000-00-00 00:00:00', '0000-00-00 00:00:00', '2013-12-29 16:52:24'),
(39, 1634, 1600, 0, 0, 0, 0, 0, 1634, NULL, '0000-00-00 00:00:00', '0000-00-00 00:00:00', '2013-12-14 05:36:44'),
(40, 1585, 1600, 0, 0, 0, 0, 0, 1585, NULL, '0000-00-00 00:00:00', '0000-00-00 00:00:00', '2013-12-14 05:36:44'),
(41, 1634, 1600, 0, 0, 0, 0, 0, 1634, NULL, '0000-00-00 00:00:00', '0000-00-00 00:00:00', '2013-12-14 05:36:44'),
(42, 1650, 1685, 0, 0, 0, 0, 0, 1650, '', '0000-00-00 00:00:00', '0000-00-00 00:00:00', '2013-12-28 07:11:14'),
(43, 1676, 1600, 0, 0, 0, 0, 0, 1676, NULL, '0000-00-00 00:00:00', '0000-00-00 00:00:00', '2013-12-14 05:36:44'),
(44, 1729, 1600, 1, 1, 1, 1, 1, 1732, NULL, '0000-00-00 00:00:00', '0000-00-00 00:00:00', '2013-12-14 05:36:44'),
(45, 1652, 1600, 0, 0, 0, 0, 0, 1652, NULL, '0000-00-00 00:00:00', '0000-00-00 00:00:00', '2013-12-14 05:36:44'),
(46, 1650, 1600, 0, 0, 0, 0, 0, 1650, NULL, '0000-00-00 00:00:00', '0000-00-00 00:00:00', '2013-12-14 05:36:44'),
(47, 1600, 1600, 0, 0, 0, 0, 0, 1600, NULL, '0000-00-00 00:00:00', '0000-00-00 00:00:00', '2013-12-14 05:36:44'),
(48, 1700, 1600, 0, 0, 0, 0, 0, 1700, NULL, '0000-00-00 00:00:00', '0000-00-00 00:00:00', '2013-12-14 05:36:44'),
(49, 1600, 1600, 0, 0, 0, 0, 0, 1600, NULL, '0000-00-00 00:00:00', '0000-00-00 00:00:00', '2013-12-14 05:36:44'),
(50, 1590, 1600, 0, 0, 0, 0, 0, 1590, '', '0000-00-00 00:00:00', '0000-00-00 00:00:00', '2013-12-26 22:36:43'),
(51, 1613, 1585, 0, 0, 0, 0, 0, 1613, 'Erlkonig', '0000-00-00 00:00:00', '0000-00-00 00:00:00', '2014-01-06 16:34:30'),
(52, 1600, 1600, 0, 0, 0, 0, 0, 1600, NULL, '0000-00-00 00:00:00', '0000-00-00 00:00:00', '2013-12-14 05:36:44'),
(53, 1600, 1600, 0, 0, 0, 0, 0, 1600, NULL, '0000-00-00 00:00:00', '0000-00-00 00:00:00', '2013-12-14 05:36:44'),
(54, 1600, 1600, 0, 0, 0, 0, 0, 1600, NULL, '0000-00-00 00:00:00', '0000-00-00 00:00:00', '2013-12-14 05:36:44'),
(55, 1636, 1600, 0, 0, 0, 0, 0, 1636, NULL, '0000-00-00 00:00:00', '0000-00-00 00:00:00', '2013-12-14 05:36:44'),
(56, 1650, 1600, 0, 0, 0, 0, 0, 1650, NULL, '0000-00-00 00:00:00', '0000-00-00 00:00:00', '2013-12-14 05:36:44'),
(57, 1600, 1600, 0, 0, 0, 0, 0, 1600, NULL, '0000-00-00 00:00:00', '0000-00-00 00:00:00', '2013-12-14 05:36:44'),
(58, 1556, 1500, 1, 2, 1, 1, 2, 1576, NULL, '0000-00-00 00:00:00', '0000-00-00 00:00:00', '2013-12-14 05:38:52'),
(59, 1588, 1500, 0, 0, 0, 0, 0, 1588, NULL, '0000-00-00 00:00:00', '0000-00-00 00:00:00', '2013-12-14 05:38:52'),
(60, 1667, 1500, 3, 1, 2, 2, 1, 1667, NULL, '0000-00-00 00:00:00', '0000-00-00 00:00:00', '2013-12-14 05:38:52'),
(61, 1618, 1815, 1, 1, 1, 1, 1, 1618, '', '0000-00-00 00:00:00', '0000-00-00 00:00:00', '2013-12-27 09:35:06'),
(62, 1419, 1500, 0, 1, -1, 0, 1, 1435, NULL, '0000-00-00 00:00:00', '0000-00-00 00:00:00', '2013-12-14 05:38:52'),
(63, 1450, 1500, 0, 0, 0, 0, 0, 1450, '', '0000-00-00 00:00:00', '0000-00-00 00:00:00', '2013-12-26 22:43:07'),
(64, 1500, 1500, 0, 0, 0, 0, 0, 1500, NULL, '0000-00-00 00:00:00', '0000-00-00 00:00:00', '2013-12-14 05:38:52'),
(65, 1500, 1500, 0, 0, 0, 0, 0, 1500, NULL, '0000-00-00 00:00:00', '0000-00-00 00:00:00', '2013-12-14 05:38:52'),
(66, 1560, 1500, 2, 1, -1, 2, 1, 1576, NULL, '0000-00-00 00:00:00', '0000-00-00 00:00:00', '2013-12-14 05:38:52'),
(67, 1500, 1500, 0, 0, 0, 0, 0, 1500, NULL, '0000-00-00 00:00:00', '0000-00-00 00:00:00', '2013-12-14 05:38:52'),
(68, 1551, 1500, 0, 0, 0, 0, 0, 1551, NULL, '0000-00-00 00:00:00', '0000-00-00 00:00:00', '2013-12-14 05:38:52'),
(69, 1500, 1500, 0, 0, 0, 0, 0, 1500, NULL, '0000-00-00 00:00:00', '0000-00-00 00:00:00', '2013-12-14 05:38:52'),
(70, 1632, 1500, 0, 1, -1, 0, 1, 1648, NULL, '0000-00-00 00:00:00', '0000-00-00 00:00:00', '2013-12-14 05:38:52'),
(71, 1583, 1500, 0, 0, 0, 0, 0, 1583, NULL, '0000-00-00 00:00:00', '0000-00-00 00:00:00', '2013-12-14 05:38:52'),
(72, 1666, 1500, 0, 1, -1, 0, 1, 1682, NULL, '0000-00-00 00:00:00', '0000-00-00 00:00:00', '2013-12-14 05:38:52'),
(73, 1630, 1500, 0, 0, 0, 0, 0, 1630, NULL, '0000-00-00 00:00:00', '0000-00-00 00:00:00', '2013-12-14 05:38:52'),
(74, 1500, 1500, 0, 0, 0, 0, 0, 1500, NULL, '0000-00-00 00:00:00', '0000-00-00 00:00:00', '2013-12-14 05:38:52'),
(75, 1500, 1466, 0, 1, -1, 0, 1, 1516, 'abtrimmer', '0000-00-00 00:00:00', '0000-00-00 00:00:00', '2014-01-04 09:19:38'),
(76, 1400, 1400, 0, 0, 0, 0, 0, 1400, NULL, '0000-00-00 00:00:00', '0000-00-00 00:00:00', '2013-12-14 05:38:52'),
(77, 1416, 1431, 0, 0, 0, 0, 0, 1416, 'abtrimmer', '0000-00-00 00:00:00', '0000-00-00 00:00:00', '2014-01-04 09:20:05'),
(78, 1383, 1400, 0, 0, 0, 0, 0, 1383, NULL, '0000-00-00 00:00:00', '0000-00-00 00:00:00', '2013-12-14 05:38:52'),
(79, 1550, 1400, 0, 0, 0, 0, 0, 1550, NULL, '0000-00-00 00:00:00', '0000-00-00 00:00:00', '2013-12-14 05:38:52'),
(80, 1400, 1400, 0, 0, 0, 0, 0, 1400, NULL, '0000-00-00 00:00:00', '0000-00-00 00:00:00', '2013-12-14 05:38:52'),
(81, 1400, 1400, 0, 0, 0, 0, 0, 1400, NULL, '0000-00-00 00:00:00', '0000-00-00 00:00:00', '2013-12-14 05:38:52'),
(82, 1400, 1400, 0, 0, 0, 0, 0, 1400, NULL, '0000-00-00 00:00:00', '0000-00-00 00:00:00', '2013-12-14 05:38:52'),
(83, 1300, 1300, 0, 0, 0, 0, 0, 1300, NULL, '0000-00-00 00:00:00', '0000-00-00 00:00:00', '2013-12-14 05:38:52'),
(84, 1300, 1300, 0, 0, 0, 0, 0, 1300, NULL, '0000-00-00 00:00:00', '0000-00-00 00:00:00', '2013-12-14 05:38:52'),
(85, 1300, 1300, 0, 0, 0, 0, 0, 1300, NULL, '0000-00-00 00:00:00', '0000-00-00 00:00:00', '2013-12-14 05:38:52'),
(86, 1400, 1300, 0, 0, 0, 0, 0, 1400, NULL, '0000-00-00 00:00:00', '0000-00-00 00:00:00', '2013-12-14 05:38:52'),
(87, 1300, 1300, 0, 0, 0, 0, 0, 1300, NULL, '0000-00-00 00:00:00', '0000-00-00 00:00:00', '2013-12-14 05:38:52'),
(88, 1350, 1300, 0, 0, 0, 0, 0, 1350, NULL, '0000-00-00 00:00:00', '0000-00-00 00:00:00', '2013-12-14 05:38:52'),
(89, 1435, 1300, 1, 1, 1, 1, 1, 1435, NULL, '0000-00-00 00:00:00', '0000-00-00 00:00:00', '2013-12-14 05:38:52'),
(90, 1600, 1600, 0, 0, 0, 0, 0, 1600, NULL, '0000-00-00 00:00:00', '0000-00-00 00:00:00', '2013-12-14 05:38:52'),
(91, 1750, 1684, 0, 0, 0, 0, 0, 1750, 'mutti', '0000-00-00 00:00:00', '2013-12-27 10:09:16', '2013-12-29 16:53:01'),
(92, 1537, 1600, 0, 1, -1, 0, 1, 1550, '', '0000-00-00 00:00:00', '2013-12-27 10:09:00', '2013-12-27 10:09:00'),
(93, 1598, 1800, 2, 0, 2, 2, 0, 1598, '', '0000-00-00 00:00:00', '2013-12-26 22:58:23', '2013-12-26 22:58:23'),
(94, 1500, 1500, 0, 0, 0, 0, 0, 1500, '', '0000-00-00 00:00:00', '2013-12-27 10:09:32', '2013-12-27 10:09:32'),
(95, 1800, 1800, 0, 0, 0, 0, 0, 1800, '', '0000-00-00 00:00:00', '2013-12-27 10:09:42', '2013-12-27 10:09:42'),
(96, 1300, 1300, 0, 0, 0, 0, 0, 1300, '', '0000-00-00 00:00:00', '2013-12-27 10:10:34', '2013-12-27 10:10:34'),
(97, 2469, 2469, 0, 1, -1, 0, 1, 2469, 'Erlkonig', '0000-00-00 00:00:00', '2013-12-28 00:06:12', '2014-01-16 09:48:45'),
(98, 1826, 1800, 1, 0, 1, 1, 0, 1826, '', '0000-00-00 00:00:00', '2013-12-28 00:06:26', '2013-12-28 00:06:26'),
(99, 1400, 1400, 0, 0, 0, 0, 0, 1400, '', '0000-00-00 00:00:00', '2013-12-28 06:07:06', '2013-12-28 06:07:06'),
(100, 1484, 1500, 0, 0, 0, 0, 0, 1484, '', '0000-00-00 00:00:00', '2013-12-28 06:07:17', '2013-12-28 06:07:17'),
(101, 1900, 1700, 0, 0, 0, 0, 0, 1900, '', '0000-00-00 00:00:00', '2013-12-28 06:07:35', '2013-12-28 06:07:35'),
(102, 1349, 1500, 0, 0, 0, 0, 0, 1349, '', '0000-00-00 00:00:00', '2013-12-28 06:07:59', '2013-12-28 06:07:59'),
(103, 1300, 1300, 0, 0, 0, 0, 0, 1300, '', '0000-00-00 00:00:00', '2013-12-28 06:08:08', '2013-12-28 06:08:08'),
(104, 1800, 1700, 0, 0, 0, 0, 0, 1800, '', '0000-00-00 00:00:00', '2013-12-28 06:08:18', '2013-12-28 06:08:18'),
(105, 1867, 1700, 0, 0, 0, 0, 0, 1867, '', '0000-00-00 00:00:00', '2013-12-28 06:08:43', '2013-12-28 06:08:43'),
(106, 1831, 1700, 0, 0, 0, 0, 0, 1831, '', '0000-00-00 00:00:00', '2013-12-28 07:05:35', '2013-12-28 07:05:35'),
(107, 1333, 1400, 0, 1, -1, 0, 1, 1350, '', '0000-00-00 00:00:00', '2013-12-28 07:13:45', '2013-12-28 07:13:45'),
(108, 1732, 1700, 0, 0, 0, 0, 0, 1732, '', '0000-00-00 00:00:00', '2013-12-28 07:16:12', '2013-12-28 07:16:12'),
(109, 1269, 1300, 0, 0, 0, 0, 0, 1269, '', '0000-00-00 00:00:00', '2013-12-28 17:01:59', '2013-12-28 17:01:59'),
(110, 1550, 1400, 0, 0, 0, 0, 0, 1550, '', '0000-00-00 00:00:00', '2013-12-28 17:03:15', '2013-12-28 17:03:15'),
(111, 1885, 1900, 0, 0, 0, 0, 0, 1885, '', '0000-00-00 00:00:00', '2013-12-28 17:49:33', '2013-12-28 17:49:33'),
(112, 1716, 1700, 0, 0, 0, 0, 0, 1716, '', '0000-00-00 00:00:00', '2013-12-28 18:44:41', '2013-12-28 18:44:41'),
(113, 1820, 1800, 1, 0, 1, 1, 0, 1820, '', '0000-00-00 00:00:00', '2013-12-29 10:43:29', '2013-12-29 10:43:29'),
(114, 1501, 1500, 0, 0, 0, 0, 0, 1501, '', '0000-00-00 00:00:00', '2013-12-29 10:43:51', '2013-12-29 10:43:51'),
(115, 1913, 1900, 0, 0, 0, 0, 0, 1913, '', '0000-00-00 00:00:00', '2013-12-29 12:22:51', '2013-12-29 12:22:51'),
(116, 1900, 1900, 0, 0, 0, 0, 0, 1900, '', '0000-00-00 00:00:00', '2013-12-29 12:28:08', '2013-12-29 12:28:08'),
(117, 1400, 1584, 0, 0, 0, 0, 0, 1400, 'trash', '0000-00-00 00:00:00', '2013-12-29 13:20:18', '2013-12-29 14:02:07'),
(118, 1350, 1484, 0, 0, 0, 0, 0, 1350, 'trash', '0000-00-00 00:00:00', '2013-12-29 13:21:18', '2013-12-29 14:02:36'),
(119, 1471, 1500, 2, 1, -1, 2, 1, 1484, '', '0000-00-00 00:00:00', '2013-12-29 14:35:01', '2013-12-29 14:35:01'),
(120, 1622, 1650, 0, 0, 0, 0, 0, 1622, '', '0000-00-00 00:00:00', '2013-12-29 15:18:43', '2013-12-29 15:18:43'),
(121, 1900, 1900, 0, 0, 0, 0, 0, 1900, '', '0000-00-00 00:00:00', '2013-12-29 19:20:47', '2013-12-29 19:20:47'),
(122, 1700, 1700, 0, 0, 0, 0, 0, 1700, '', '0000-00-00 00:00:00', '2013-12-29 20:37:35', '2013-12-29 20:37:35'),
(123, 1800, 1799, 0, 0, 0, 0, 0, 1800, 'Erlkonig', '0000-00-00 00:00:00', '2013-12-30 00:37:21', '2014-01-13 23:56:04'),
(124, 721, 1200, 0, 0, 0, 0, 0, 721, 'oyacchan', '0000-00-00 00:00:00', '2013-12-30 12:42:20', '2014-01-14 01:16:52'),
(127, 1700, 1700, 0, 0, 0, 0, 0, 1700, 'alicia_san', '0000-00-00 00:00:00', '2013-12-30 12:45:01', '2013-12-30 12:45:01'),
(128, 1300, 1300, 0, 0, 0, 0, 0, 1300, 'Erlkonig', '0000-00-00 00:00:00', '2013-12-30 12:45:18', '2013-12-30 12:54:01'),
(129, 1600, 1600, 0, 0, 0, 0, 0, 1600, 'Erlkonig', '0000-00-00 00:00:00', '2013-12-30 12:48:35', '2013-12-30 12:51:20'),
(130, 1600, 1600, 0, 0, 0, 0, 0, 1600, 'Erlkonig', '0000-00-00 00:00:00', '2013-12-30 12:55:39', '2013-12-30 12:55:39'),
(131, 1715, 1450, 0, 0, 0, 0, 0, 1715, 'alicia_san', '0000-00-00 00:00:00', '2013-12-30 13:46:48', '2013-12-30 14:31:50'),
(132, 1700, 1600, 0, 0, 0, 0, 0, 1700, 'Erlkonig', '0000-00-00 00:00:00', '2013-12-30 13:48:10', '2013-12-30 16:46:04'),
(133, 1585, 1500, 0, 0, 0, 0, 0, 1585, 'alicia_san', '0000-00-00 00:00:00', '2013-12-30 14:23:04', '2013-12-30 14:33:24'),
(134, 1700, 1757, 0, 0, 0, 0, 0, 1700, 'alicia_san', '0000-00-00 00:00:00', '2013-12-30 14:26:35', '2014-01-13 18:07:17'),
(135, 1650, 1650, 0, 0, 0, 0, 0, 1650, 'alicia_san', '0000-00-00 00:00:00', '2013-12-30 15:22:28', '2013-12-30 15:22:28'),
(136, 1416, 1450, 0, 0, 0, 0, 0, 1416, 'kazz_ito', '0000-00-00 00:00:00', '2013-12-30 15:48:27', '2013-12-30 15:48:27'),
(137, 1335, 1351, 0, 1, -1, 0, 1, 1351, 'kazz_ito', '0000-00-00 00:00:00', '2013-12-30 17:25:32', '2014-01-15 15:05:39'),
(138, 2050, 2000, 0, 0, 0, 0, 0, 2050, 'i_Phone', '0000-00-00 00:00:00', '2013-12-30 20:03:11', '2014-01-13 23:51:41'),
(139, 1650, 1650, 0, 0, 0, 0, 0, 1650, 'trash', '0000-00-00 00:00:00', '2013-12-31 07:06:14', '2013-12-31 07:06:14'),
(140, 1300, 1300, 0, 0, 0, 0, 0, 1300, 'trash', '0000-00-00 00:00:00', '2013-12-31 07:06:24', '2013-12-31 07:06:24'),
(141, 1600, 1600, 0, 0, 0, 0, 0, 1600, 'trash', '0000-00-00 00:00:00', '2013-12-31 07:06:36', '2013-12-31 07:06:36'),
(142, 1316, 1300, 0, 0, 0, 0, 0, 1316, 'trash', '0000-00-00 00:00:00', '2013-12-31 07:09:42', '2013-12-31 07:09:42'),
(143, 1800, 1800, 0, 0, 0, 0, 0, 1800, 'trash', '0000-00-00 00:00:00', '2013-12-31 09:25:09', '2013-12-31 09:25:09'),
(144, 1732, 1650, 0, 0, 0, 0, 0, 1732, 'trash', '0000-00-00 00:00:00', '2014-01-01 10:51:41', '2014-01-01 11:51:14'),
(145, 1534, 1483, 1, 0, 1, 1, 0, 1534, 'trash', '0000-00-00 00:00:00', '2014-01-01 10:51:54', '2014-01-01 11:27:42'),
(146, 1300, 1400, 0, 0, 0, 0, 0, 1300, 'trash', '0000-00-00 00:00:00', '2014-01-01 11:49:14', '2014-01-01 12:27:36'),
(147, 1500, 1400, 0, 0, 0, 0, 0, 1500, 'trash', '0000-00-00 00:00:00', '2014-01-01 11:49:38', '2014-01-01 12:36:49'),
(148, 1600, 1600, 0, 0, 0, 0, 0, 1600, 'trash', '0000-00-00 00:00:00', '2014-01-01 14:09:54', '2014-01-01 14:09:54'),
(149, 1400, 1400, 0, 0, 0, 0, 0, 1400, 'trash', '0000-00-00 00:00:00', '2014-01-01 14:11:36', '2014-01-01 14:11:36'),
(150, 1400, 1400, 0, 0, 0, 0, 0, 1400, 'trash', '0000-00-00 00:00:00', '2014-01-01 14:11:45', '2014-01-01 14:11:45'),
(151, 2100, 2000, 0, 0, 0, 0, 0, 2100, 'i_Phone', '0000-00-00 00:00:00', '2014-01-03 08:24:12', '2014-01-13 23:52:11'),
(152, 1184, 1184, 0, 0, 0, 0, 0, 1184, 'trash', '0000-00-00 00:00:00', '2014-01-03 11:47:42', '2014-01-03 13:41:17'),
(153, 1668, 1700, 0, 0, 0, 0, 0, 1668, 'trash', '0000-00-00 00:00:00', '2014-01-03 11:48:33', '2014-01-03 11:48:33'),
(154, 1271, 1300, 0, 0, 0, 0, 0, 1271, 'Erlkonig', '0000-00-00 00:00:00', '2014-01-03 12:25:48', '2014-01-03 12:25:48'),
(155, 1300, 1434, 0, 0, 0, 0, 0, 1300, 'abtrimmer', '0000-00-00 00:00:00', '2014-01-03 12:27:48', '2014-01-04 09:01:26'),
(156, 1300, 1300, 0, 0, 0, 0, 0, 1300, 'abtrimmer', '0000-00-00 00:00:00', '2014-01-04 08:42:20', '2014-01-04 08:42:20'),
(157, 2000, 2000, 0, 0, 0, 0, 0, 2000, 'Erlkonig', '0000-00-00 00:00:00', '2014-01-04 10:46:50', '2014-01-04 10:46:50'),
(158, 1800, 1800, 0, 0, 0, 0, 0, 1800, 'Erlkonig', '0000-00-00 00:00:00', '2014-01-04 10:49:08', '2014-01-04 10:49:08'),
(183, 1737, 1750, 0, 1, -1, 0, 1, 1750, 'trash', '0000-00-00 00:00:00', '2014-01-16 14:44:26', '2014-01-16 14:44:26'),
(159, 1784, 1467, 0, 0, 0, 0, 0, 1784, 'kazz_ito', '0000-00-00 00:00:00', '2014-01-04 14:33:26', '2014-01-04 15:14:29'),
(160, 1500, 1500, 0, 0, 0, 0, 0, 1500, 'kazz_ito', '0000-00-00 00:00:00', '2014-01-04 15:21:09', '2014-01-04 15:21:09'),
(161, 1450, 1450, 0, 0, 0, 0, 0, 1450, 'kazz_ito', '0000-00-00 00:00:00', '2014-01-04 15:23:24', '2014-01-04 15:23:24'),
(182, 1350, 1400, 0, 1, -1, 0, 1, 1400, 'Erlkonig', '0000-00-00 00:00:00', '2014-01-15 14:02:05', '2014-01-15 15:32:03'),
(162, 1433, 1400, 0, 0, 0, 0, 0, 1433, 'kazz_ito', '0000-00-00 00:00:00', '2014-01-04 15:55:01', '2014-01-04 15:55:01'),
(163, 1300, 1350, 0, 0, 0, 0, 0, 1300, 'kazz_ito', '0000-00-00 00:00:00', '2014-01-04 17:04:02', '2014-01-04 18:04:11'),
(164, 1350, 1416, 0, 0, 0, 0, 0, 1350, 'kazz_ito', '0000-00-00 00:00:00', '2014-01-04 17:08:49', '2014-01-04 18:03:12'),
(165, 1817, 1800, 0, 0, 0, 0, 0, 1817, 'kazz_ito', '0000-00-00 00:00:00', '2014-01-05 13:52:03', '2014-01-05 13:52:03'),
(166, 1350, 1417, 0, 0, 0, 0, 0, 1350, 'kazz_ito', '0000-00-00 00:00:00', '2014-01-05 14:12:41', '2014-01-05 15:00:09'),
(181, 1354, 1350, 1, 1, -1, 1, 1, 1367, 'kazz_ito', '0000-00-00 00:00:00', '2014-01-15 13:59:17', '2014-01-15 13:59:17'),
(180, 1700, 1700, 0, 0, 0, 0, 0, 1700, 'Erlkonig', '0000-00-00 00:00:00', '2014-01-14 15:29:16', '2014-01-14 15:29:16'),
(167, 1450, 1450, 0, 0, 0, 0, 0, 1450, 'kazz_ito', '0000-00-00 00:00:00', '2014-01-06 14:15:32', '2014-01-06 14:15:32'),
(168, 1416, 1450, 1, 0, 1, 1, 0, 1416, 'kazz_ito', '0000-00-00 00:00:00', '2014-01-06 15:06:19', '2014-01-06 15:06:19'),
(169, 1400, 1450, 0, 0, 0, 0, 0, 1400, 'kazz_ito', '0000-00-00 00:00:00', '2014-01-06 15:06:31', '2014-01-06 15:07:36'),
(170, 1241, 1300, 0, 1, -1, 0, 1, 1256, 'kazz_ito', '0000-00-00 00:00:00', '2014-01-07 14:34:40', '2014-01-07 14:34:40'),
(179, 1601, 1415, 2, 1, -1, 2, 1, 1617, 'Erlkonig', '0000-00-00 00:00:00', '2014-01-14 14:00:21', '2014-01-14 15:32:02'),
(171, 2000, 2000, 0, 0, 0, 0, 0, 2000, 'Erlkonig', '0000-00-00 00:00:00', '2014-01-08 14:58:25', '2014-01-08 14:58:25'),
(172, 1800, 1800, 0, 0, 0, 0, 0, 1800, 'Erlkonig', '0000-00-00 00:00:00', '2014-01-08 14:58:44', '2014-01-09 20:08:51'),
(173, 1549, 1800, 0, 0, 0, 0, 0, 1549, 'abtrimmer', '0000-00-00 00:00:00', '2014-01-09 20:09:11', '2014-01-14 01:20:25'),
(174, 1468, 1450, 0, 1, -1, 0, 1, 1483, 'kazz_ito', '0000-00-00 00:00:00', '2014-01-12 13:49:30', '2014-01-12 14:44:33'),
(175, 1688, 1700, 0, 0, 0, 0, 0, 1688, 'trash', '0000-00-00 00:00:00', '2014-01-13 08:01:45', '2014-01-13 08:01:45'),
(176, 1350, 1483, 0, 0, 0, 0, 0, 1350, 'kazz_ito', '0000-00-00 00:00:00', '2014-01-13 14:02:05', '2014-01-13 14:34:24'),
(177, 1800, 1800, 0, 0, 0, 0, 0, 1800, 'alicia_san', '0000-00-00 00:00:00', '2014-01-13 17:58:47', '2014-01-13 17:58:47'),
(178, 1882, 1900, 0, 0, 0, 0, 0, 1882, 'alicia_san', '0000-00-00 00:00:00', '2014-01-13 19:04:44', '2014-01-13 19:04:44');

-- --------------------------------------------------------

--
-- テーブルの構造 `rate_editlog`
--

CREATE TABLE IF NOT EXISTS `rate_editlog` (
  `rate_editlog_id` int(11) NOT NULL auto_increment,
  `edited_player_id` int(11) NOT NULL,
  `previous_name` varchar(45) default NULL,
  `previous_rate` smallint(6) NOT NULL,
  `new_rate` smallint(6) NOT NULL,
  `user_id` int(11) NOT NULL,
  `previous_status` tinyint(4) default NULL,
  `new_status` tinyint(4) NOT NULL default '0',
  `previous_memo` text,
  `new_memo` text,
  `edited_on` timestamp NOT NULL default CURRENT_TIMESTAMP,
  PRIMARY KEY  (`rate_editlog_id`)
) ENGINE=MyISAM  DEFAULT CHARSET=utf8 AUTO_INCREMENT=126 ;

--
-- テーブルのデータのダンプ `rate_editlog`
--

INSERT INTO `rate_editlog` (`rate_editlog_id`, `edited_player_id`, `previous_name`, `previous_rate`, `new_rate`, `user_id`, `previous_status`, `new_status`, `previous_memo`, `new_memo`, `edited_on`) VALUES
(1, 123, NULL, 1600, 1400, 1, NULL, 0, NULL, NULL, '2013-12-30 00:37:21'),
(2, 123, NULL, 1400, 1800, 1, NULL, 0, NULL, NULL, '2013-12-30 00:37:49'),
(3, 124, NULL, 1600, 1200, 1, NULL, 0, NULL, NULL, '2013-12-30 12:42:20'),
(4, 125, NULL, 1600, 1700, 3, NULL, 0, NULL, NULL, '2013-12-30 12:45:01'),
(5, 126, NULL, 1600, 1300, 1, NULL, 0, NULL, NULL, '2013-12-30 12:45:18'),
(6, 127, NULL, 1600, 1600, 1, NULL, 0, NULL, NULL, '2013-12-30 12:48:35'),
(7, 127, NULL, 1600, 1600, 1, NULL, 0, NULL, NULL, '2013-12-30 12:51:20'),
(8, 126, NULL, 1300, 1300, 1, NULL, 0, NULL, NULL, '2013-12-30 12:54:01'),
(9, 128, NULL, 1600, 1600, 1, NULL, 0, NULL, NULL, '2013-12-30 12:55:39'),
(10, 129, NULL, 1600, 1450, 11, NULL, 0, NULL, NULL, '2013-12-30 13:46:48'),
(11, 130, NULL, 1600, 1600, 1, NULL, 0, NULL, NULL, '2013-12-30 13:48:10'),
(12, 131, NULL, 1600, 1500, 11, NULL, 0, NULL, NULL, '2013-12-30 14:23:04'),
(13, 132, NULL, 1600, 1650, 11, NULL, 0, NULL, NULL, '2013-12-30 14:26:35'),
(14, 129, NULL, 1450, 1700, 3, NULL, 0, NULL, NULL, '2013-12-30 14:31:50'),
(15, 132, NULL, 1650, 1700, 3, NULL, 0, NULL, NULL, '2013-12-30 14:33:12'),
(16, 131, NULL, 1500, 1600, 3, NULL, 0, NULL, NULL, '2013-12-30 14:33:24'),
(17, 133, NULL, 1600, 1650, 3, NULL, 0, NULL, NULL, '2013-12-30 15:22:28'),
(18, 134, NULL, 1600, 1450, 11, NULL, 0, NULL, NULL, '2013-12-30 15:48:27'),
(19, 130, NULL, 1600, 1700, 1, NULL, 0, NULL, NULL, '2013-12-30 16:46:04'),
(20, 135, NULL, 1600, 1300, 11, NULL, 0, NULL, NULL, '2013-12-30 17:25:32'),
(21, 136, NULL, 1600, 1900, 3, NULL, 0, NULL, NULL, '2013-12-30 20:03:11'),
(22, 137, NULL, 1600, 1650, 5, NULL, 0, NULL, NULL, '2013-12-31 07:06:14'),
(23, 138, NULL, 1600, 1300, 5, NULL, 0, NULL, NULL, '2013-12-31 07:06:24'),
(24, 139, NULL, 1600, 1600, 5, NULL, 0, NULL, NULL, '2013-12-31 07:06:36'),
(25, 140, NULL, 1600, 1300, 5, NULL, 0, NULL, NULL, '2013-12-31 07:09:42'),
(26, 141, NULL, 1600, 1800, 5, NULL, 0, NULL, NULL, '2013-12-31 09:25:09'),
(27, 142, NULL, 1600, 1600, 5, NULL, 0, NULL, NULL, '2014-01-01 10:51:41'),
(28, 143, NULL, 1600, 1500, 5, NULL, 0, NULL, NULL, '2014-01-01 10:51:54'),
(29, 143, 'Hellsinker', 1483, 1600, 5, NULL, 0, NULL, NULL, '2014-01-01 11:27:42'),
(30, 142, 'tukuyomi', 1583, 1650, 5, NULL, 0, NULL, NULL, '2014-01-01 11:28:27'),
(31, 144, NULL, 1600, 1600, 5, NULL, 0, NULL, NULL, '2014-01-01 11:49:14'),
(32, 145, NULL, 1600, 1600, 5, NULL, 0, NULL, NULL, '2014-01-01 11:49:38'),
(33, 142, 'tukuyomi', 1650, 1700, 5, NULL, 0, NULL, NULL, '2014-01-01 11:51:14'),
(34, 145, 'potocool3001', 1584, 1500, 5, NULL, 0, NULL, NULL, '2014-01-01 12:27:19'),
(35, 144, 'daidai', 1584, 1400, 5, NULL, 0, NULL, NULL, '2014-01-01 12:27:26'),
(36, 144, 'daidai', 1400, 1300, 5, NULL, 0, NULL, NULL, '2014-01-01 12:27:36'),
(37, 145, 'potocool3001', 1500, 1400, 5, NULL, 0, NULL, NULL, '2014-01-01 12:36:40'),
(38, 145, 'potocool3001', 1400, 1500, 5, NULL, 0, NULL, NULL, '2014-01-01 12:36:49'),
(39, 146, NULL, 1600, 1600, 5, NULL, 0, NULL, NULL, '2014-01-01 14:09:54'),
(40, 147, NULL, 1600, 1400, 5, NULL, 0, NULL, NULL, '2014-01-01 14:11:36'),
(41, 148, NULL, 1600, 1400, 5, NULL, 0, NULL, NULL, '2014-01-01 14:11:45'),
(42, 26, 'pokeke', 1684, 1800, 1, NULL, 0, NULL, NULL, '2014-01-03 07:25:30'),
(43, 149, NULL, 1600, 2000, 1, NULL, 0, NULL, NULL, '2014-01-03 08:24:12'),
(44, 136, 'emery', 1900, 2000, 1, NULL, 0, NULL, NULL, '2014-01-03 08:25:18'),
(45, 9, 'tomyam', 1900, 2000, 1, NULL, 0, NULL, NULL, '2014-01-03 08:26:07'),
(46, 5, 'masa4', 1900, 2000, 1, NULL, 0, NULL, NULL, '2014-01-03 08:26:28'),
(47, 4, 'GARU', 1900, 1850, 1, NULL, 0, NULL, NULL, '2014-01-03 08:27:52'),
(48, 2, 'koujan', 1899, 1970, 1, NULL, 0, NULL, NULL, '2014-01-03 08:28:18'),
(49, 150, NULL, 1600, 1200, 5, NULL, 0, NULL, NULL, '2014-01-03 11:47:43'),
(50, 151, NULL, 1600, 1700, 5, NULL, 0, NULL, NULL, '2014-01-03 11:48:33'),
(51, 152, NULL, 1600, 1300, 1, NULL, 0, NULL, NULL, '2014-01-03 12:25:48'),
(52, 153, NULL, 1600, 1450, 1, NULL, 0, NULL, NULL, '2014-01-03 12:27:48'),
(53, 150, 'mozibake', 1184, 1184, 1, NULL, 0, NULL, NULL, '2014-01-03 13:37:29'),
(54, 150, 'mozibake', 1184, 1184, 5, NULL, 0, NULL, NULL, '2014-01-03 13:41:17'),
(55, 154, NULL, 1600, 1300, 8, NULL, 0, NULL, NULL, '2014-01-04 08:42:20'),
(56, 153, 'ga-1', 1434, 1300, 8, NULL, 0, NULL, NULL, '2014-01-04 09:01:26'),
(57, 75, 'osaka_htps', 1466, 1550, 8, NULL, 0, NULL, NULL, '2014-01-04 09:19:38'),
(58, 77, 'imoimo', 1431, 1450, 8, NULL, 0, NULL, NULL, '2014-01-04 09:20:05'),
(59, 155, NULL, 1600, 2000, 1, NULL, 0, NULL, NULL, '2014-01-04 10:46:50'),
(60, 156, NULL, 1600, 1800, 1, NULL, 0, NULL, NULL, '2014-01-04 10:49:08'),
(61, 157, NULL, 1600, 1450, 11, NULL, 0, NULL, NULL, '2014-01-04 14:33:26'),
(62, 157, 'kasupon1981', 1467, 1800, 11, NULL, 0, NULL, NULL, '2014-01-04 15:14:29'),
(63, 158, NULL, 1600, 1500, 11, NULL, 0, NULL, NULL, '2014-01-04 15:21:09'),
(64, 159, NULL, 1600, 1450, 11, NULL, 0, NULL, NULL, '2014-01-04 15:23:24'),
(65, 33, 'mjkxw129', 1700, 1700, 5, NULL, 0, NULL, NULL, '2014-01-04 15:43:19'),
(66, 160, NULL, 1600, 1400, 11, NULL, 0, NULL, NULL, '2014-01-04 15:55:01'),
(67, 161, NULL, 1600, 1400, 11, NULL, 0, NULL, NULL, '2014-01-04 17:04:02'),
(68, 162, NULL, 1600, 1400, 11, NULL, 0, NULL, NULL, '2014-01-04 17:08:49'),
(69, 161, 'Ebihurai', 1384, 1350, 11, NULL, 0, NULL, NULL, '2014-01-04 18:02:42'),
(70, 162, 'KyabetuTarou', 1416, 1450, 11, NULL, 0, NULL, NULL, '2014-01-04 18:03:12'),
(71, 161, 'Ebihurai', 1350, 1300, 11, NULL, 0, NULL, NULL, '2014-01-04 18:04:11'),
(72, 163, NULL, 1600, 1800, 11, NULL, 0, NULL, NULL, '2014-01-05 13:52:03'),
(73, 164, NULL, 1600, 1400, 11, NULL, 0, NULL, NULL, '2014-01-05 14:12:41'),
(74, 164, 'd715iba', 1417, 1350, 11, NULL, 0, NULL, NULL, '2014-01-05 15:00:09'),
(75, 165, NULL, 1600, 1450, 11, NULL, 0, NULL, NULL, '2014-01-06 14:15:32'),
(76, 132, 'gozila', 1732, 1732, 1, NULL, 0, NULL, NULL, '2014-01-06 14:52:44'),
(77, 166, NULL, 1600, 1450, 11, NULL, 0, NULL, NULL, '2014-01-06 15:06:19'),
(78, 167, NULL, 1600, 1450, 11, NULL, 0, NULL, NULL, '2014-01-06 15:06:31'),
(79, 167, 'nao_zzg', 1450, 1400, 11, NULL, 0, NULL, NULL, '2014-01-06 15:07:36'),
(80, 51, 'oyacchan', 1585, 1650, 1, NULL, 0, NULL, NULL, '2014-01-06 16:34:30'),
(81, 168, NULL, 1600, 1300, 11, NULL, 0, NULL, NULL, '2014-01-07 14:34:40'),
(82, 123, 'function_test_user3', 1799, 1799, 1, NULL, 0, NULL, NULL, '2014-01-08 06:52:28'),
(83, 169, NULL, 1600, 2000, 1, NULL, 0, NULL, NULL, '2014-01-08 14:58:25'),
(84, 170, NULL, 1600, 1800, 1, NULL, 0, NULL, NULL, '2014-01-08 14:58:44'),
(85, 170, 'es[assi', 1800, 1800, 1, NULL, 0, NULL, NULL, '2014-01-09 20:08:51'),
(86, 171, NULL, 1600, 1600, 1, NULL, 0, NULL, NULL, '2014-01-09 20:09:11'),
(87, 172, NULL, 1600, 1400, 11, NULL, 0, NULL, NULL, '2014-01-12 13:49:30'),
(88, 172, 'primal', 1384, 1450, 11, NULL, 0, NULL, NULL, '2014-01-12 14:43:44'),
(89, 172, 'primal', 1450, 1500, 11, NULL, 0, NULL, NULL, '2014-01-12 14:44:33'),
(90, 173, NULL, 1600, 1700, 5, NULL, 0, NULL, NULL, '2014-01-13 08:01:45'),
(91, 174, NULL, 1600, 1500, 11, NULL, 0, NULL, NULL, '2014-01-13 14:02:05'),
(92, 174, 'tosiyuki920', 1483, 1350, 11, NULL, 0, NULL, NULL, '2014-01-13 14:34:24'),
(93, 175, NULL, 1600, 1800, 3, NULL, 0, NULL, NULL, '2014-01-13 17:58:47'),
(94, 132, 'gozila', 1757, 1700, 3, NULL, 0, NULL, NULL, '2014-01-13 18:07:17'),
(95, 176, NULL, 1600, 1900, 3, NULL, 0, NULL, NULL, '2014-01-13 19:04:44'),
(96, 5, 'masa4', 2000, 2050, 7, NULL, 0, NULL, NULL, '2014-01-13 23:50:46'),
(97, 9, 'tomyam', 2000, 2050, 7, NULL, 0, NULL, NULL, '2014-01-13 23:51:19'),
(98, 136, 'emery', 2000, 2050, 7, NULL, 0, NULL, NULL, '2014-01-13 23:51:41'),
(99, 149, 'TENMU', 2000, 2100, 7, NULL, 0, NULL, NULL, '2014-01-13 23:52:11'),
(100, 2, 'koujan', 1970, 2000, 7, NULL, 0, NULL, NULL, '2014-01-13 23:52:34'),
(101, 11, 'komogkomog', 1909, 1950, 7, NULL, 0, NULL, NULL, '2014-01-13 23:52:51'),
(102, 3, 'iPhone', 1900, 1920, 7, NULL, 0, NULL, NULL, '2014-01-13 23:53:02'),
(103, 12, 'Ichiji', 1900, 1950, 7, NULL, 0, NULL, NULL, '2014-01-13 23:53:19'),
(104, 17, 'haskaop', 1866, 1900, 7, NULL, 0, NULL, NULL, '2014-01-13 23:53:31'),
(105, 123, 'function_test_user3', 1799, 1800, 1, NULL, 0, NULL, NULL, '2014-01-13 23:56:04'),
(106, 97, 'function_test_user1', 1615, 1615, 1, NULL, 0, NULL, NULL, '2014-01-13 23:56:41'),
(107, 97, 'function_test_user1', 1615, 1640, 1, NULL, 0, NULL, NULL, '2014-01-13 23:58:38'),
(108, 97, 'function_test_user1', 1640, 1640, 1, NULL, 0, NULL, NULL, '2014-01-14 00:02:35'),
(109, 1, 'dystopia', 1896, 1950, 7, NULL, 0, NULL, NULL, '2014-01-14 00:03:17'),
(110, 7, 'asuky', 1900, 1850, 7, NULL, 0, NULL, NULL, '2014-01-14 00:10:12'),
(111, 97, 'function_test_user1', 1640, 1640, 1, NULL, 0, NULL, NULL, '2014-01-14 00:13:30'),
(112, 97, 'function_test_user1', 1640, 1640, 1, NULL, 0, NULL, NULL, '2014-01-14 00:13:45'),
(113, 171, 'function_test_user6', 1600, 1800, 9, NULL, 0, NULL, NULL, '2014-01-14 01:16:18'),
(114, 97, 'function_test_user1', 1640, 2500, 3, NULL, 0, NULL, NULL, '2014-01-14 01:16:39'),
(115, 124, 'function_test_user4', 1200, 721, 9, NULL, 0, NULL, NULL, '2014-01-14 01:16:52'),
(116, 171, 'function_test_user6', 1800, 1549, 8, NULL, 0, NULL, NULL, '2014-01-14 01:20:25'),
(117, 177, NULL, 1600, 1400, 1, NULL, 0, NULL, NULL, '2014-01-14 14:00:21'),
(118, 178, NULL, 1600, 1700, 1, NULL, 0, NULL, NULL, '2014-01-14 15:29:16'),
(119, 177, 'AttiLaCIa', 1415, 1600, 1, NULL, 0, NULL, NULL, '2014-01-14 15:32:02'),
(120, 179, NULL, 1600, 1350, 11, NULL, 0, NULL, NULL, '2014-01-15 13:59:17'),
(121, 180, NULL, 1600, 1450, 11, NULL, 0, NULL, NULL, '2014-01-15 14:02:05'),
(122, 180, 'ko_yo0518', 1433, 1400, 11, NULL, 0, NULL, NULL, '2014-01-15 14:59:43'),
(123, 180, 'ko_yo0518', 1400, 1350, 1, NULL, 0, NULL, NULL, '2014-01-15 15:32:03'),
(124, 97, 'function_test_user1', 2469, 2469, 1, 0, 0, '', '', '2014-01-16 09:48:45'),
(125, 181, NULL, 1600, 1750, 5, NULL, 0, NULL, NULL, '2014-01-16 14:44:26');

-- --------------------------------------------------------

--
-- テーブルの構造 `updatelog`
--

CREATE TABLE IF NOT EXISTS `updatelog` (
  `update_id` int(11) NOT NULL auto_increment,
  `update_date` timestamp NOT NULL default CURRENT_TIMESTAMP,
  `update_note` text,
  `delete_flag` tinyint(4) NOT NULL,
  PRIMARY KEY  (`update_id`)
) ENGINE=MyISAM  DEFAULT CHARSET=utf8 AUTO_INCREMENT=9 ;

--
-- テーブルのデータのダンプ `updatelog`
--

INSERT INTO `updatelog` (`update_id`, `update_date`, `update_note`, `delete_flag`) VALUES
(1, '2013-12-11 23:18:36', 'とりあえず作成', 0),
(2, '2013-12-11 23:18:36', '見えないかテスト', 1),
(3, '2013-12-18 14:13:08', 'IRCNETが攻撃をよく受けるので、海外サーバーへの変更をおすすめします。\r\nアドレスは\r\nircnet.eversible.com', 0),
(4, '2013-12-18 15:19:40', 'TeamSpeak導入しています。\r\nServer Addressはts3.stripepan2.com\r\nDeltaのAOCHD、パスワードはaochdでお待ちしております。', 0),
(5, '2013-12-24 15:09:13', 'IRCNET系列でリレーされていた海外サーバーとの接続が切られたそうです。これからはirc.livedoor.ne.jp等の国内サーバーをご利用下さい。', 0),
(6, '2014-01-09 20:09:57', 'レイアウト一新しました。', 0),
(7, '2014-01-14 13:12:03', '今日からレート正式につけ始めます。', 0),
(8, '2014-01-15 16:07:04', '<a href="http://goo.gl/gBzhf1" target="_blank">言語ファイルについて</a> <a href="http://goo.gl/u2uqYm" target="_blank">同期落ちについて</a>', 0);

-- --------------------------------------------------------

--
-- テーブルの構造 `user`
--

CREATE TABLE IF NOT EXISTS `user` (
  `user_id` int(11) NOT NULL auto_increment,
  `user_name` varchar(45) NOT NULL,
  `user_password` char(32) NOT NULL,
  `user_control` varchar(45) NOT NULL,
  `last_editor` varchar(45) NOT NULL,
  `delete_flag` tinyint(1) NOT NULL,
  `created_on` timestamp NOT NULL default '0000-00-00 00:00:00',
  `updated_on` timestamp NOT NULL default CURRENT_TIMESTAMP,
  `login_failed_number` tinyint(4) NOT NULL default '0',
  PRIMARY KEY  (`user_id`)
) ENGINE=MyISAM  DEFAULT CHARSET=latin1 AUTO_INCREMENT=13 ;

--
-- テーブルのデータのダンプ `user`
--

INSERT INTO `user` (`user_id`, `user_name`, `user_password`, `user_control`, `last_editor`, `delete_flag`, `created_on`, `updated_on`, `login_failed_number`) VALUES
(1, 'testadmin', '9283a03246ef2dacdc21a9b137817ec1', 'administrator', 'testadmin', 0, '0000-00-00 00:00:00', '2014-01-16 20:34:24', 0),

-- --------------------------------------------------------

--
-- テーブルの構造 `user_editlog`
--

CREATE TABLE IF NOT EXISTS `user_editlog` (
  `user_edited_id` int(11) NOT NULL auto_increment,
  `edited_user_id` int(11) NOT NULL,
  `previous_name` varchar(45) default NULL,
  `new_name` varchar(45) default NULL,
  `previous_control` varchar(45) default NULL,
  `new_control` varchar(45) default NULL,
  `memo` varchar(45) NOT NULL,
  `user_id` int(11) NOT NULL,
  `created_on` timestamp NULL default CURRENT_TIMESTAMP,
  PRIMARY KEY  (`user_edited_id`)
) ENGINE=MyISAM  DEFAULT CHARSET=utf8 AUTO_INCREMENT=3 ;

--
-- テーブルのデータのダンプ `user_editlog`
--

INSERT INTO `user_editlog` (`user_edited_id`, `edited_user_id`, `previous_name`, `new_name`, `previous_control`, `new_control`, `memo`, `user_id`, `created_on`) VALUES
(1, 12, NULL, 'test', NULL, 'host', '', 1, '2014-01-05 02:23:42'),
(2, 12, 'Erlkonig', 'Erlkonig', 'administrator', 'administrator', '', 1, '2014-01-14 13:33:28');
